{"cameraMode":{"drawMode":0,"name":"Shaded","section":"Shading Mode"},"sceneLighting":false,"audioPlay":false,"sceneViewState":{"showFog":true,"showMaterialUpdate":true,"showSkybox":true,"showFlares":true,"showImageEffects":true,"showParticleSystems":true},"in2DMode":false,"pivot":{"x":4.561221122741699,"y":-0.3096799850463867,"z":2.320676565170288},"rotation":{"x":0.3205033242702484,"y":0.05765242502093315,"z":0.028699465095996858,"w":0.9450557231903076},"size":52.68413162231445,"orthographic":false}