{"cameraMode":{"drawMode":0,"name":"Shaded","section":"Shading Mode"},"sceneLighting":false,"audioPlay":false,"sceneViewState":{"showFog":true,"showMaterialUpdate":true,"showSkybox":true,"showFlares":true,"showImageEffects":true,"showParticleSystems":true},"in2DMode":false,"pivot":{"x":4.561221122741699,"y":-0.3096799850463867,"z":2.320676565170288},"rotation":{"x":0.38080039620399477,"y":-0.5307853817939758,"z":0.3774181008338928,"w":0.6563639044761658},"size":14.145881652832032,"orthographic":false}